"namePlayer","idGame","slugTeam","totalPlusMinus","totalSecs"
"Jimmy Butler","41400126","CHI",46,1901
"Derrick Rose","41400126","CHI",41,1492
"Joakim Noah","41400126","CHI",38,1520
"DeAndre Jordan","41400233","LAC",36,2184
"Draymond Green","41400313","GSW",36,2151
"Danny Green","41400163","SAS",33,1749
"Stephen Curry","41400313","GSW",33,2098
"Corey Brewer","41400236","HOU",32,1486
"Klay Thompson","41400313","GSW",32,1931
"Marcin Gortat","41400134","WAS",32,1739
"LeBron James","41400212","CLE",31,2053
"Blake Griffin","41400234","LAC",30,1984
"Pau Gasol","41400126","CHI",30,1825
"Bradley Beal","41400134","WAS",29,2132
"Mike Dunleavy","41400126","CHI",29,1685
"Paul Millsap","41400106","ATL",29,1889
"Chris Paul","41400234","LAC",28,1573
"Iman Shumpert","41400302","CLE",27,2058
"Iman Shumpert","41400304","CLE",27,2130
"Jeff Teague","41400106","ATL",27,1410
"Festus Ezeli","41400313","GSW",26,1068
"Iman Shumpert","41400216","CLE",26,2167
"Monta Ellis","41400154","DAL",26,2365
"Tyson Chandler","41400154","DAL",26,1752
"Shaun Livingston","41400404","GSW",25,1470
"Al Horford","41400106","ATL",24,1875
"Draymond Green","41400142","GSW",24,2510
"JR Smith","41400216","CLE",24,2016
"Kyle Korver","41400106","ATL",24,1897
"Matt Barnes","41400234","LAC",24,1809
"Stephen Curry","41400405","GSW",24,2527
"Trevor Ariza","41400235","HOU",24,1875
"Andre Iguodala","41400225","GSW",23,1507
"Blake Griffin","41400161","LAC",23,2564
"Draymond Green","41400141","GSW",23,2546
"Draymond Green","41400405","GSW",23,2131
"James Harden","41400235","HOU",23,2572
"Jeff Green","41400223","MEM",23,1547
"JJ Redick","41400233","LAC",23,2207
"Kyrie Irving","41400212","CLE",23,2051
"Matt Barnes","41400166","LAC",23,1731
"Tim Duncan","41400163","SAS",23,1839
"Timofey Mozgov","41400304","CLE",23,2107
"Tony Parker","41400163","SAS",23,1542
"Al-Farouq Aminu","41400154","DAL",22,2288
"Andre Iguodala","41400313","GSW",22,1509
"Dwight Howard","41400152","HOU",22,1986
"J.J. Barea","41400153","DAL",22,1514
"J.J. Barea","41400154","DAL",22,2140
"James Jones","41400402","CLE",22,1349
"Jason Terry","41400235","HOU",22,1725
"Tristan Thompson","41400304","CLE",22,1842
"Andrew Bogut","41400224","GSW",21,1800
"Blake Griffin","41400231","LAC",21,2419
"CJ McCollum","41400174","POR",21,2101
"DeAndre Jordan","41400231","LAC",21,2010
"James Harden","41400314","HOU",21,2420
"Matt Barnes","41400231","LAC",21,2522
"Matthew Dellavedova","41400216","CLE",21,2044
"Meyers Leonard","41400174","POR",21,2101
"Shaun Livingston","41400225","GSW",21,1313
"Tristan Thompson","41400302","CLE",21,2468
"Chris Paul","41400161","LAC",20,2267
"Courtney Lee","41400171","MEM",20,1766
"Dirk Nowitzki","41400154","DAL",20,2069
"Jeff Green","41400172","MEM",20,1593
"JJ Redick","41400231","LAC",20,2434
"John Wall","41400134","WAS",20,1524
"Kawhi Leonard","41400163","SAS",20,1710
"Kyle Korver","41400202","ATL",20,2407
"LeBron James","41400216","CLE",20,2465
"LeBron James","41400302","CLE",20,2338
"LeBron James","41400304","CLE",20,1751
"Nene","41400134","WAS",20,1677
"Pablo Prigioni","41400237","HOU",20,1207
"Paul Pierce","41400134","WAS",20,1345
"Spencer Hawes","41400233","LAC",20,678
"Stephen Curry","41400141","GSW",20,2406
"Tristan Thompson","41400212","CLE",20,2070
"Draymond Green","41400224","GSW",19,2095
"Dwight Howard","41400314","HOU",19,2051
"Iman Shumpert","41400212","CLE",19,1741
"Jamal Crawford","41400234","LAC",19,1596
"Jarrett Jack","41400104","BKN",19,1330
"Nick Calathes","41400175","MEM",19,1726
"Nikola Mirotic","41400213","CHI",19,1318
"Stephen Curry","41400224","GSW",19,2315
"Tristan Thompson","41400216","CLE",19,2403
"Boris Diaw","41400163","SAS",18,1380
"Brook Lopez","41400103","BKN",18,2497
"David Lee","41400225","GSW",18,1046
"Draymond Green","41400144","GSW",18,2509
"Harrison Barnes","41400141","GSW",18,1860
"Harrison Barnes","41400221","GSW",18,1506
"Harrison Barnes","41400226","GSW",18,2187
"JR Smith","41400215","CLE",18,1764
"JR Smith","41400304","CLE",18,1739
"Kent Bazemore","41400106","ATL",18,1455
"Klay Thompson","41400143","GSW",18,2759
"Klay Thompson","41400224","GSW",18,2396
"Pau Gasol","41400123","CHI",18,2467
"Pau Gasol","41400124","CHI",18,2020
"Stephen Curry","41400404","GSW",18,2463
"Trevor Ariza","41400152","HOU",18,2139
"David Lee","41400403","GSW",17,798
"Drew Gooden","41400134","WAS",17,1361
"Jamal Crawford","41400233","LAC",17,1591
"Jarrett Jack","41400103","BKN",17,1617
"Otto Porter Jr.","41400132","WAS",17,2092
"Otto Porter Jr.","41400133","WAS",17,1988
"Pau Gasol","41400211","CHI",17,2083
"Paul Millsap","41400102","ATL",17,2043
"Ramon Sessions","41400134","WAS",17,1411
"Ryan Anderson","41400143","NOP",17,1820
"Thaddeus Young","41400103","BKN",17,2470
"Timofey Mozgov","41400112","CLE",17,1711
"Andre Iguodala","41400404","GSW",16,2356
"Andre Iguodala","41400405","GSW",16,2549
"Austin Rivers","41400233","LAC",16,1396
"DeAndre Jordan","41400234","LAC",16,1797
"DeMarre Carroll","41400106","ATL",16,1428
"Draymond Green","41400221","GSW",16,1650
"Draymond Green","41400404","GSW",16,1941
"Dwight Howard","41400153","HOU",16,2297
"Harrison Barnes","41400143","GSW",16,2232
"James Harden","41400155","HOU",16,2105
"Jason Terry","41400153","HOU",16,1643
"Jeff Teague","41400206","ATL",16,2134
"Klay Thompson","41400221","GSW",16,2253
"Kyle Korver","41400206","ATL",16,2377
"Leandro Barbosa","41400314","GSW",16,1467
"Shaun Livingston","41400311","GSW",16,1723
"Shelvin Mack","41400203","ATL",16,423
"Stephen Curry","41400225","GSW",16,1953
"Terrence Jones","41400235","HOU",16,1433
"Terrence Jones","41400237","HOU",16,1323
"Al Horford","41400202","ATL",15,2039
"Alan Anderson","41400104","BKN",15,1343
"DeMarre Carroll","41400102","ATL",15,2032
"Derrick Rose","41400123","CHI",15,2893
"Dwight Howard","41400237","HOU",15,1938
"James Harden","41400151","HOU",15,2328
"Jason Terry","41400151","HOU",15,1549
"JJ Redick","41400161","LAC",15,2134
"Josh Smith","41400314","HOU",15,1674
"Kevin Love","41400111","CLE",15,1996
"Klay Thompson","41400142","GSW",15,1958
"Klay Thompson","41400404","GSW",15,2346
"Kyrie Irving","41400112","CLE",15,2327
"Marc Gasol","41400171","MEM",15,2355
"Matthew Dellavedova","41400402","CLE",15,2547
"Mike Dunleavy","41400124","CHI",15,2068
"Mike Scott","41400203","ATL",15,980
"Patty Mills","41400161","SAS",15,636
"Pero Antic","41400302","ATL",15,768
"Shaun Livingston","41400315","GSW",15,1071
"Tony Snell","41400126","CHI",15,720
"Al Horford","41400206","ATL",14,2352
"Andre Iguodala","41400406","GSW",14,2181
"Blake Griffin","41400164","LAC",14,2573
"Derrick Rose","41400124","CHI",14,2364
"Doug McDermott","41400126","CHI",14,365
"Dwight Howard","41400236","HOU",14,2407
"Harrison Barnes","41400311","GSW",14,1976
"Harrison Barnes","41400313","GSW",14,1768
"Iman Shumpert","41400113","CLE",14,1237
"James Harden","41400232","HOU",14,2103
"Jerryd Bayless","41400123","MIL",14,877
"Jimmy Butler","41400124","CHI",14,2434
"JJ Redick","41400166","LAC",14,2334
"JJ Redick","41400234","LAC",14,1726
"John Wall","41400132","WAS",14,2386
"Kyrie Irving","41400304","CLE",14,1318
"Leandro Barbosa","41400312","GSW",14,881
"Mike Conley","41400173","MEM",14,1561
"Nazr Mohammed","41400126","CHI",14,402
"Paul Millsap","41400105","ATL",14,2481
"Stephen Curry","41400144","GSW",14,2294
"Stephen Curry","41400221","GSW",14,2256
"Stephen Curry","41400406","GSW",14,2586
"Timofey Mozgov","41400114","CLE",14,1645
"Tony Allen","41400222","MEM",14,2244
"Zach Randolph","41400222","MEM",14,2152
"Al Horford","41400101","ATL",13,2028
"Boris Diaw","41400165","SAS",13,1440
"DeMarre Carroll","41400105","ATL",13,2544
"Derrick Rose","41400121","CHI",13,1634
"Harrison Barnes","41400315","GSW",13,2071
"Jeff Teague","41400202","ATL",13,1994
"Joakim Noah","41400211","CHI",13,1728
"Josh Smith","41400154","HOU",13,1664
"Jrue Holiday","41400143","NOP",13,1008
"Kelly Olynyk","41400112","BOS",13,1259
"Kyle Korver","41400101","ATL",13,2232
"Kyle Korver","41400105","ATL",13,2415
"Leandro Barbosa","41400141","GSW",13,683
"Marco Belinelli","41400166","SAS",13,1337
"Matthew Dellavedova","41400403","CLE",13,2311
"Meyers Leonard","41400175","POR",13,1891
"Nikola Mirotic","41400126","CHI",13,457
"Norris Cole","41400143","NOP",13,1557
"O.J. Mayo","41400124","MIL",13,1410
"Pau Gasol","41400121","CHI",13,2171
"Paul Millsap","41400202","ATL",13,2292
"Stephen Curry","41400143","GSW",13,2631
"Taj Gibson","41400126","CHI",13,1556
"Timofey Mozgov","41400111","CLE",13,1362
"Tristan Thompson","41400113","CLE",13,1687
"Beno Udrih","41400223","MEM",12,938
"Blake Griffin","41400233","LAC",12,1846
"Chris Paul","41400166","LAC",12,2669
"Chris Paul","41400233","LAC",12,1389
"DeAndre Jordan","41400161","LAC",12,2303
"Draymond Green","41400143","GSW",12,2414
"Dwight Howard","41400151","HOU",12,1042
"Glen Davis","41400164","LAC",12,1155
"J.J. Barea","41400151","DAL",12,1311
"James Harden","41400237","HOU",12,2589
"James Harden","41400312","HOU",12,2459
"Jared Dudley","41400124","MIL",12,1732
"Jason Terry","41400236","HOU",12,1988
"Jason Terry","41400312","HOU",12,2116
"Jeff Teague","41400105","ATL",12,2233
"Jimmy Butler","41400122","CHI",12,2760
"JR Smith","41400113","CLE",12,2296
"Marcin Gortat","41400203","WAS",12,2050
"Matt Barnes","41400161","LAC",12,1944
"Mike Conley","41400171","MEM",12,1428
"Norris Cole","41400141","NOP",12,2014
"O.J. Mayo","41400125","MIL",12,1539
"Otto Porter Jr.","41400134","WAS",12,1562
"Trevor Ariza","41400153","HOU",12,2355
"Vince Carter","41400172","MEM",12,867
"Zach Randolph","41400175","MEM",12,2321
"Andre Iguodala","41400315","GSW",11,1811
"Austin Rivers","41400234","LAC",11,1459
"Corey Brewer","41400232","HOU",11,1793
"Corey Brewer","41400237","HOU",11,1373
"DeMarre Carroll","41400303","ATL",11,2457
"Draymond Green","41400406","GSW",11,2488
"Harrison Barnes","41400401","GSW",11,2354
"Jamal Crawford","41400167","LAC",11,1897
"James Jones","41400301","CLE",11,836
"Jason Terry","41400152","HOU",11,1429
"Jason Terry","41400314","HOU",11,1842
"Jimmy Butler","41400121","CHI",11,2088
"John Henson","41400123","MIL",11,2332
"Josh Smith","41400236","HOU",11,1558
"Klay Thompson","41400144","GSW",11,2160
"Klay Thompson","41400405","GSW",11,2405
"Leandro Barbosa","41400403","GSW",11,636
"LeBron James","41400112","CLE",11,2508
"Matthew Dellavedova","41400215","CLE",11,1083
"Nikola Mirotic","41400122","CHI",11,1341
"Otto Porter Jr.","41400201","WAS",11,2055
"Patty Mills","41400166","SAS",11,1071
"Stephen Curry","41400226","GSW",11,2320
"Stephen Curry","41400311","GSW",11,2365
"Timofey Mozgov","41400402","CLE",11,1760
"Trevor Ariza","41400236","HOU",11,2706
"Al Horford","41400105","ATL",10,2079
"Al Horford","41400204","ATL",10,2371
"Andre Iguodala","41400226","GSW",10,1788
"Courtney Lee","41400222","MEM",10,1965
"Danny Green","41400162","SAS",10,1765
"DeMarre Carroll","41400202","ATL",10,2293
"Derrick Rose","41400211","CHI",10,2314
"Draymond Green","41400311","GSW",10,2566
"Drew Gooden","41400201","WAS",10,847
"Ersan Ilyasova","41400125","MIL",10,1823
"Festus Ezeli","41400144","GSW",10,569
"Festus Ezeli","41400315","GSW",10,1707
"Jamal Crawford","41400231","LAC",10,1921
"James Jones","41400304","CLE",10,1176
"Jeff Teague","41400104","ATL",10,2322
"Jimmy Butler","41400211","CHI",10,2652
"JR Smith","41400111","CLE",10,1145
"JR Smith","41400112","CLE",10,2043
"Kent Bazemore","41400102","ATL",10,1010
"Kevin Love","41400113","CLE",10,2244
"Kyrie Irving","41400111","CLE",10,2434
"Manu Ginobili","41400163","SAS",10,1019
"Matthew Dellavedova","41400111","CLE",10,534
"Matthew Dellavedova","41400301","CLE",10,1485
"Mike Dunleavy","41400121","CHI",10,2075
"Mike Dunleavy","41400211","CHI",10,2349
"Mike Muscala","41400203","ATL",10,810
"Nene","41400131","WAS",10,1278
"Pablo Prigioni","41400311","HOU",10,898
"Pero Antic","41400101","ATL",10,1132
"Ramon Sessions","41400201","WAS",10,1047
"Shaun Livingston","41400314","GSW",10,974
"Terrence Jones","41400155","HOU",10,1696
"Terrence Jones","41400312","HOU",10,1584
"Tiago Splitter","41400167","SAS",10,1319
"Tony Allen","41400174","MEM",10,1981
"Tristan Thompson","41400403","CLE",10,2653
"Zach Randolph","41400171","MEM",10,2151
"Andrew Bogut","41400221","GSW",9,1453
"Aron Baynes","41400165","SAS",9,716
"Beno Udrih","41400172","MEM",9,1123
"Blake Griffin","41400166","LAC",9,2455
"Clint Capela","41400235","HOU",9,683
"Dante Cunningham","41400141","NOP",9,923
"DeMarre Carroll","41400103","ATL",9,1989
"Derrick Rose","41400213","CHI",9,2323
"Drew Gooden","41400203","WAS",9,855
"Harrison Barnes","41400404","GSW",9,1984
"James Harden","41400152","HOU",9,2045
"James Jones","41400303","CLE",9,1401
"Jarrett Jack","41400102","BKN",9,1714
"Jimmy Butler","41400215","CHI",9,2468
"Kent Bazemore","41400205","ATL",9,835
"Kevin Love","41400114","CLE",9,398
"Klay Thompson","41400315","GSW",9,1328
"Kosta Koufos","41400172","MEM",9,760
"Kyle Lowry","41400132","TOR",9,1642
"Leandro Barbosa","41400222","GSW",9,831
"Lester Hudson","41400232","LAC",9,631
"Marco Belinelli","41400165","SAS",9,972
"Matt Barnes","41400237","LAC",9,1296
"Matthew Dellavedova","41400302","CLE",9,2234
"Meyers Leonard","41400171","POR",9,977
"Mike Conley","41400222","MEM",9,1636
"Mike Dunleavy","41400215","CHI",9,2211
"Nick Calathes","41400174","MEM",9,1437
"Tiago Splitter","41400163","SAS",9,1034
"Tim Duncan","41400162","SAS",9,2641
"Tony Snell","41400122","CHI",9,801
"Vince Carter","41400223","MEM",9,799
"Zaza Pachulia","41400124","MIL",9,1346
"Andre Iguodala","41400401","GSW",8,1899
"Andrew Bogut","41400141","GSW",8,1815
"Andrew Bogut","41400226","GSW",8,1432
"Andrew Bogut","41400312","GSW",8,1840
"Bradley Beal","41400131","WAS",8,2854
"Bradley Beal","41400201","WAS",8,2387
"Clint Capela","41400154","HOU",8,269
"Dahntay Jones","41400163","LAC",8,298
"Derrick Rose","41400122","CHI",8,2285
"Draymond Green","41400226","GSW",8,1994
"Dwight Howard","41400235","HOU",8,1917
"E'Twaun Moore","41400126","CHI",8,257
"Ekpe Udoh","41400163","LAC",8,289
"Evan Turner","41400112","BOS",8,2010
"Harrison Barnes","41400405","GSW",8,1756
"Jamal Crawford","41400161","LAC",8,1354
"James Jones","41400215","CLE",8,412
"Jeff Green","41400171","MEM",8,1687
"Jeff Teague","41400303","ATL",8,2554
"Jimmy Butler","41400123","CHI",8,3181
"John Wall","41400133","WAS",8,2585
"Josh Smith","41400152","HOU",8,1543
"JR Smith","41400301","CLE",8,2147
"Kevin Seraphin","41400206","WAS",8,1703
"Klay Thompson","41400225","GSW",8,2318
"Kosta Koufos","41400223","MEM",8,925
"Kyrie Irving","41400114","CLE",8,2597
"Matt Barnes","41400167","LAC",8,1706
"Matt Bonner","41400162","SAS",8,317
"Matthew Dellavedova","41400211","CLE",8,1124
"Mike Dunleavy","41400123","CHI",8,1781
"Nicolas Batum","41400174","POR",8,2530
"Nikola Mirotic","41400214","CHI",8,1106
"Otto Porter Jr.","41400206","WAS",8,2060
"Shelvin Mack","41400101","ATL",8,231
"Terrence Jones","41400151","HOU",8,2019
"Tony Allen","41400171","MEM",8,1521
"Trevor Ariza","41400155","HOU",8,2250
"Tristan Thompson","41400301","CLE",8,2531
"Tyler Hansbrough","41400132","TOR",8,744
"Aaron Brooks","41400126","CHI",7,1007
"Al Horford","41400201","ATL",7,1818
"Amar'e Stoudemire","41400151","DAL",7,947
"Amar'e Stoudemire","41400152","DAL",7,933
"Austin Rivers","41400164","LAC",7,1026
"CJ McCollum","41400175","POR",7,2310
"Damian Lillard","41400174","POR",7,2333
"DeMarre Carroll","41400101","ATL",7,2009
"Festus Ezeli","41400312","GSW",7,697
"Harrison Barnes","41400224","GSW",7,1985
"Harrison Barnes","41400225","GSW",7,1962
"Iman Shumpert","41400214","CLE",7,1934
"Jamal Crawford","41400164","LAC",7,1721
"Jared Sullinger","41400114","BOS",7,1673
"Jarrett Jack","41400106","BKN",7,1647
"John Jenkins","41400302","ATL",7,293
"Kevin Seraphin","41400132","WAS",7,617
"Kyle Korver","41400204","ATL",7,2135
"Kyrie Irving","41400214","CLE",7,2442
"LeBron James","41400114","CLE",7,2782
"LeBron James","41400403","CLE",7,2760
"Marreese Speights","41400142","GSW",7,754
"Matt Barnes","41400236","LAC",7,1882
"Matt Bonner","41400165","SAS",7,219
"Michael Carter-Williams","41400125","MIL",7,2260
"Mike Muscala","41400302","ATL",7,293
"Nazr Mohammed","41400212","CHI",7,276
"Nikola Mirotic","41400212","CHI",7,423
"O.J. Mayo","41400123","MIL",7,1869
"Patty Mills","41400163","SAS",7,879
"Paul Pierce","41400132","WAS",7,1642
"Pero Antic","41400105","ATL",7,1068
"Pero Antic","41400204","ATL",7,872
"Pero Antic","41400205","ATL",7,416
"Ramon Sessions","41400205","WAS",7,1018
"Shaun Livingston","41400142","GSW",7,769
"Timofey Mozgov","41400214","CLE",7,2335
"Timofey Mozgov","41400303","CLE",7,1350
"Tony Allen","41400172","MEM",7,2179
"Tony Parker","41400162","SAS",7,1789
"Trevor Ariza","41400151","HOU",7,2278
"Vince Carter","41400175","MEM",7,1293
"Aaron Brooks","41400121","CHI",6,1167
"Alan Anderson","41400106","BKN",6,1319
"Amar'e Stoudemire","41400153","DAL",6,854
"Andre Iguodala","41400403","GSW",6,2178
"Blake Griffin","41400162","LAC",6,2804
"Bojan Bogdanovic","41400103","BKN",6,2036
"Charlie Villanueva","41400152","DAL",6,527
"Chris Paul","41400164","LAC",6,2293
"Chris Paul","41400165","LAC",6,2452
"Chris Paul","41400167","LAC",6,2220
"Corey Brewer","41400152","HOU",6,1732
"Courtney Lee","41400223","MEM",6,1901
"Dwight Howard","41400155","HOU",6,2311
"Garrett Temple","41400203","WAS",6,526
"Gigi Datome","41400114","BOS",6,213
"James Johnson","41400134","TOR",6,287
"Jason Terry","41400155","HOU",6,1477
"Jeff Teague","41400204","ATL",6,1948
"Jerryd Bayless","41400124","MIL",6,1512
"Joakim Noah","41400121","CHI",6,2108
"John Wall","41400131","WAS",6,2620
"Josh Smith","41400235","HOU",6,1342
"JR Smith","41400303","CLE",6,2283
"LaMarcus Aldridge","41400174","POR",6,2390
"Leandro Barbosa","41400226","GSW",6,269
"Matt Barnes","41400233","LAC",6,1778
"Mike Conley","41400172","MEM",6,1757
"Mike Miller","41400405","CLE",6,817
"Otto Porter Jr.","41400205","WAS",6,1992
"Paul Pierce","41400131","WAS",6,2192
"Shaun Livingston","41400226","GSW",6,1199
"Terrence Jones","41400232","HOU",6,1615
"Timofey Mozgov","41400212","CLE",6,1077
"Tony Allen","41400173","MEM",6,1440
"Trevor Ariza","41400237","HOU",6,2606
"Dante Cunningham","41400144","NOP",5,1536
"Dennis Schroder","41400205","ATL",5,1482
"Derrick Rose","41400215","CHI",5,2550
"Devin Harris","41400155","DAL",5,1607
"Draymond Green","41400225","GSW",5,1888
"Drew Gooden","41400206","WAS",5,1147
"Festus Ezeli","41400406","GSW",5,656
"Glen Davis","41400162","LAC",5,647
"Glen Davis","41400234","LAC",5,418
"Greg Stiemsma","41400134","TOR",5,118
"Harrison Barnes","41400144","GSW",5,2125
"Harrison Barnes","41400402","GSW",5,2473
"Isaiah Thomas","41400111","BOS",5,1894
"Jeff Teague","41400103","ATL",5,1795
"John Jenkins","41400203","ATL",5,52
"JR Smith","41400114","CLE",5,938
"Khris Middleton","41400125","MIL",5,2265
"Klay Thompson","41400223","GSW",5,2203
"Klay Thompson","41400401","GSW",5,2326
"Kyrie Irving","41400401","CLE",5,2618
"Leandro Barbosa","41400144","GSW",5,645
"Leandro Barbosa","41400401","GSW",5,542
"LeBron James","41400214","CLE",5,2589
"Manu Ginobili","41400165","SAS",5,1107
"Marc Gasol","41400173","MEM",5,2312
"Marco Belinelli","41400161","SAS",5,1125
"Marco Belinelli","41400167","SAS",5,1094
"Marreese Speights","41400401","GSW",5,512
"Matt Barnes","41400164","LAC",5,1404
"Mike Dunleavy","41400125","CHI",5,1261
"Mike Scott","41400104","ATL",5,685
"Patty Mills","41400162","SAS",5,1145
"Paul Millsap","41400206","ATL",5,2411
"Paul Pierce","41400205","WAS",5,2112
"Ramon Sessions","41400133","WAS",5,655
"Shawn Marion","41400303","CLE",5,232
"Taj Gibson","41400121","CHI",5,1477
"Tony Snell","41400212","CHI",5,830
"Tony Snell","41400216","CHI",5,326
"Trevor Ariza","41400314","HOU",5,2428
"Zach Randolph","41400172","MEM",5,1978
"Al Horford","41400303","ATL",4,1147
"Alonzo Gee","41400171","POR",4,182
"Andre Iguodala","41400224","GSW",4,1456
"Andrew Bogut","41400142","GSW",4,1958
"Andrew Bogut","41400225","GSW",4,1415
"Austin Rivers","41400162","LAC",4,682
"Bradley Beal","41400132","WAS",4,2524
"Corey Brewer","41400155","HOU",4,1351
"Dahntay Jones","41400234","LAC",4,336
"Danny Green","41400167","SAS",4,2094
"David Lee","41400224","GSW",4,878
"David Lee","41400313","GSW",4,278
"David Lee","41400314","GSW",4,201
"David Lee","41400404","GSW",4,929
"Dennis Schroder","41400204","ATL",4,1755
"Devin Harris","41400151","DAL",4,595
"Draymond Green","41400315","GSW",4,2044
"Drew Gooden","41400131","WAS",4,1386
"Dwight Howard","41400312","HOU",4,2405
"Ekpe Udoh","41400234","LAC",4,307
"Isaiah Thomas","41400114","BOS",4,2197
"James Jones","41400211","CLE",4,482
"James Jones","41400406","CLE",4,1644
"Jarrett Jack","41400105","BKN",4,1900
"Jason Terry","41400232","HOU",4,1685
"Joakim Noah","41400123","CHI",4,2743
"Joakim Noah","41400215","CHI",4,2453
"Joel Freeland","41400171","POR",4,182
"Jon Leuer","41400224","MEM",4,180
"Jordan Adams","41400225","MEM",4,351
"Josh Smith","41400155","HOU",4,1347
"Kawhi Leonard","41400162","SAS",4,2341
"Kendrick Perkins","41400304","CLE",4,326
"Kevin Seraphin","41400201","WAS",4,560
"Lester Hudson","41400234","LAC",4,321
"Marc Gasol","41400175","MEM",4,2255
"Marcin Gortat","41400133","WAS",4,2515
"Marreese Speights","41400402","GSW",4,311
"Matthew Dellavedova","41400114","CLE",4,872
"Mike Dunleavy","41400122","CHI",4,2004
"Mike Miller","41400304","CLE",4,326
"Nene","41400132","WAS",4,1495
"Nick Calathes","41400224","MEM",4,180
"Pau Gasol","41400122","CHI",4,2015
"Paul Millsap","41400301","ATL",4,2265
"Pero Antic","41400102","ATL",4,782
"Pero Antic","41400202","ATL",4,1178
"Robin Lopez","41400173","POR",4,1641
"Shaun Livingston","41400222","GSW",4,752
"Shaun Livingston","41400313","GSW",4,1134
"Shawn Marion","41400304","CLE",4,205
"Spencer Hawes","41400234","LAC",4,556
"Stephen Curry","41400401","GSW",4,2559
"Terrence Jones","41400152","HOU",4,1348
"Terrence Jones","41400153","HOU",4,1482
"Thaddeus Young","41400101","BKN",4,2372
"Tim Frazier","41400171","POR",4,182
"Tristan Thompson","41400211","CLE",4,2221
"Vince Carter","41400173","MEM",4,1026
"Zach Randolph","41400173","MEM",4,1944
"Al-Farouq Aminu","41400151","DAL",3,1113
"Alexis Ajinca","41400141","NOP",3,221
"Andre Iguodala","41400221","GSW",3,1782
"Anthony Davis","41400143","NOP",3,2775
"Aron Baynes","41400164","SAS",3,49
"Bernard James","41400152","DAL",3,111
"CJ McCollum","41400173","POR",3,1595
"Clint Capela","41400231","HOU",3,344
"Clint Capela","41400234","HOU",3,700
"Cory Joseph","41400164","SAS",3,52
"Courtney Lee","41400172","MEM",3,1988
"Dante Cunningham","41400143","NOP",3,980
"DeAndre Jordan","41400232","LAC",3,1506
"Dennis Schroder","41400202","ATL",3,897
"Dennis Schroder","41400203","ATL",3,1170
"Deron Williams","41400103","BKN",3,1562
"Deron Williams","41400104","BKN",3,2748
"Draymond Green","41400401","GSW",3,2335
"Dwight Powell","41400152","DAL",3,111
"Festus Ezeli","41400221","GSW",3,676
"Festus Ezeli","41400226","GSW",3,149
"Festus Ezeli","41400401","GSW",3,731
"Iman Shumpert","41400114","CLE",3,2252
"JaMychal Green","41400221","MEM",3,35
"JaMychal Green","41400224","MEM",3,196
"Jared Dudley","41400123","MIL",3,1231
"Jeff Ayres","41400164","SAS",3,49
"Jimmy Butler","41400125","CHI",3,2788
"JJ Redick","41400167","LAC",3,2510
"JJ Redick","41400236","LAC",3,2181
"Joakim Noah","41400214","CHI",3,2244
"John Henson","41400125","MIL",3,1361
"Jordan Adams","41400221","MEM",3,35
"Josh Smith","41400151","HOU",3,1521
"Josh Smith","41400231","HOU",3,1721
"Kent Bazemore","41400204","ATL",3,937
"Klay Thompson","41400226","GSW",3,2210
"Kosta Koufos","41400222","MEM",3,639
"Kyle Korver","41400205","ATL",3,2265
"Leandro Barbosa","41400315","GSW",3,687
"Leandro Barbosa","41400404","GSW",3,417
"LeBron James","41400111","CLE",3,2516
"LeBron James","41400301","CLE",3,2283
"Marc Gasol","41400172","MEM",3,2108
"Marreese Speights","41400221","GSW",3,751
"Mason Plumlee","41400102","BKN",3,798
"Matthew Dellavedova","41400304","CLE",3,999
"Mike Dunleavy","41400213","CHI",3,2344
"Mike Miller","41400403","CLE",3,313
"Nick Johnson","41400154","HOU",3,478
"Pablo Prigioni","41400154","HOU",3,1144
"Pablo Prigioni","41400314","HOU",3,1006
"Patty Mills","41400167","SAS",3,937
"Paul Millsap","41400205","ATL",3,2191
"Pero Antic","41400106","ATL",3,584
"Ramon Sessions","41400131","WAS",3,995
"Ramon Sessions","41400203","WAS",3,2126
"Raymond Felton","41400153","DAL",3,754
"Richard Jefferson","41400151","DAL",3,243
"Russ Smith","41400221","MEM",3,35
"Shaun Livingston","41400312","GSW",3,864
"Shaun Livingston","41400406","GSW",3,1939
"Shawn Marion","41400111","CLE",3,51
"Shelvin Mack","41400302","ATL",3,781
"Stephen Curry","41400142","GSW",3,2225
"Timofey Mozgov","41400211","CLE",3,1588
"Timofey Mozgov","41400401","CLE",3,1993
"Tony Snell","41400123","CHI",3,1619
"Vince Carter","41400221","MEM",3,1107
"Zaza Pachulia","41400125","MIL",3,1492
"Al-Farouq Aminu","41400152","DAL",2,1360
"Al Horford","41400301","ATL",2,2264
"Alan Anderson","41400102","BKN",2,1792
"Andre Iguodala","41400312","GSW",2,1906
"Andre Iguodala","41400402","GSW",2,2186
"Andrew Bogut","41400315","GSW",2,1154
"Austin Rivers","41400231","LAC",2,1701
"Beno Udrih","41400171","MEM",2,1452
"Brandon Rush","41400313","GSW",2,211
"Charlie Villanueva","41400153","DAL",2,676
"Charlie Villanueva","41400155","DAL",2,565
"Courtney Lee","41400173","MEM",2,2008
"Courtney Lee","41400175","MEM",2,2074
"David Lee","41400221","GSW",2,215
"David Lee","41400315","GSW",2,19
"David Lee","41400406","GSW",2,73
"DeAndre Jordan","41400237","LAC",2,2344
"DeMarre Carroll","41400104","ATL",2,2623
"DeMarre Carroll","41400201","ATL",2,2296
"Dirk Nowitzki","41400153","DAL",2,2153
"Doug McDermott","41400216","CHI",2,136
"Draymond Green","41400222","GSW",2,2264
"Drew Gooden","41400133","WAS",2,1108
"E'Twaun Moore","41400216","CHI",2,136
"Elton Brand","41400106","ATL",2,218
"Hedo Turkoglu","41400234","LAC",2,518
"Iman Shumpert","41400301","CLE",2,2059
"James Michael McAdoo","41400313","GSW",2,211
"Jared Dudley","41400122","MIL",2,1022
"Jarrett Jack","41400101","BKN",2,988
"Jeff Ayres","41400161","SAS",2,196
"Jeff Teague","41400101","ATL",2,1742
"Jeff Teague","41400301","ATL",2,2317
"JJ Redick","41400164","LAC",2,2219
"Joey Dorsey","41400154","HOU",2,96
"John Jenkins","41400106","ATL",2,218
"Jonas Jerebko","41400112","BOS",2,244
"Jonas Jerebko","41400113","BOS",2,1511
"Jonas Valanciunas","41400133","TOR",2,1500
"Jordan Adams","41400224","MEM",2,116
"Justin Holiday","41400313","GSW",2,211
"Kent Bazemore","41400202","ATL",2,1049
"Kevin Love","41400112","CLE",2,1774
"Khris Middleton","41400124","MIL",2,2781
"Kirk Hinrich","41400126","CHI",2,1213
"Kirk Hinrich","41400214","CHI",2,404
"Klay Thompson","41400406","GSW",2,1480
"Kostas Papanikolaou","41400154","HOU",2,96
"Kyle Korver","41400102","ATL",2,2175
"Kyrie Irving","41400301","CLE",2,1639
"LeBron James","41400113","CLE",2,2518
"Marcin Gortat","41400131","WAS",2,1566
"Matt Bonner","41400161","SAS",2,253
"Nazr Mohammed","41400216","CHI",2,136
"Nick Johnson","41400312","HOU",2,171
"Nikola Mirotic","41400121","CHI",2,809
"Nikola Mirotic","41400124","CHI",2,1203
"Otto Porter Jr.","41400131","WAS",2,2010
"Otto Porter Jr.","41400203","WAS",2,2392
"Pablo Prigioni","41400155","HOU",2,1334
"Pablo Prigioni","41400232","HOU",2,1192
"Pablo Prigioni","41400235","HOU",2,1074
"Patty Mills","41400165","SAS",2,875
"Paul Millsap","41400104","ATL",2,2804
"Quincy Pondexter","41400142","NOP",2,1908
"Ramon Sessions","41400132","WAS",2,894
"Ramon Sessions","41400206","WAS",2,531
"Shaun Livingston","41400401","GSW",2,933
"Spencer Hawes","41400166","LAC",2,16
"Steve Blake","41400175","POR",2,383
"Thaddeus Young","41400102","BKN",2,1425
"Timofey Mozgov","41400213","CLE",2,1336
"Timofey Mozgov","41400302","CLE",2,1509
"Tony Parker","41400165","SAS",2,2005
"Trevor Ariza","41400312","HOU",2,2336
"Tristan Thompson","41400111","CLE",2,1537
"Zach Randolph","41400174","MEM",2,2157
"Aaron Brooks","41400122","CHI",1,595
"Aaron Brooks","41400125","CHI",1,333
"Al Horford","41400102","ATL",1,2178
"Al Horford","41400205","ATL",1,2230
"Avery Bradley","41400114","BOS",1,2427
"Bojan Bogdanovic","41400104","BKN",1,2635
"Bradley Beal","41400133","WAS",1,2520
"Chris Kaman","41400175","POR",1,327
"DeAndre Jordan","41400166","LAC",1,2169
"Dennis Schroder","41400201","ATL",1,849
"Drew Gooden","41400132","WAS",1,1088
"E'Twaun Moore","41400212","CHI",1,118
"Garrett Temple","41400206","WAS",1,12
"Glen Davis","41400161","LAC",1,701
"Greg Smith","41400155","DAL",1,42
"Harrison Barnes","41400312","GSW",1,1679
"Hedo Turkoglu","41400166","LAC",1,251
"Iman Shumpert","41400111","CLE",1,1941
"James Jones","41400113","CLE",1,254
"James Jones","41400216","CLE",1,619
"James Jones","41400405","CLE",1,1067
"Jeff Green","41400175","MEM",1,1393
"Joe Harris","41400304","CLE",1,360
"Joey Dorsey","41400233","HOU",1,174
"Jonas Jerebko","41400111","BOS",1,1113
"Jonas Jerebko","41400114","BOS",1,1204
"Kirk Hinrich","41400212","CHI",1,738
"Kostas Papanikolaou","41400233","HOU",1,174
"Leandro Barbosa","41400402","GSW",1,351
"Leandro Barbosa","41400405","GSW",1,1023
"LeBron James","41400213","CLE",1,2619
"Lou Williams","41400131","TOR",1,1947
"Marc Gasol","41400174","MEM",1,2472
"Marc Gasol","41400222","MEM",1,1869
"Mason Plumlee","41400104","BKN",1,231
"Matt Barnes","41400162","LAC",1,2158
"Matt Bonner","41400163","SAS",1,938
"Matt Bonner","41400164","SAS",1,345
"Matthew Dellavedova","41400213","CLE",1,957
"Nick Calathes","41400172","MEM",1,47
"Nick Johnson","41400233","HOU",1,174
"Pablo Prigioni","41400152","HOU",1,1451
"Paul Millsap","41400303","ATL",1,2744
"Paul Pierce","41400133","WAS",1,1640
"Phil Pressey","41400114","BOS",1,263
"Ryan Anderson","41400141","NOP",1,1246
"Stephen Curry","41400315","GSW",1,2508
"Terrence Jones","41400236","HOU",1,1316
"Terrence Ross","41400133","TOR",1,1782
"Thaddeus Young","41400104","BKN",1,2316
"Tim Frazier","41400175","POR",1,24
"Timofey Mozgov","41400216","CLE",1,1547
"Timofey Mozgov","41400403","CLE",1,1923
"Trevor Ariza","41400311","HOU",1,2040
"Tristan Thompson","41400213","CLE",1,2476
"Tyler Zeller","41400113","BOS",1,1709
"Vince Carter","41400171","MEM",1,858
"Zach Randolph","41400223","MEM",1,2229
"Andre Iguodala","41400142","GSW",0,1818
"Andre Iguodala","41400144","GSW",0,1464
"Andrew Bogut","41400313","GSW",0,1227
"Andrew Bogut","41400404","GSW",0,166
"Avery Bradley","41400113","BOS",0,1960
"Beno Udrih","41400222","MEM",0,1235
"Beno Udrih","41400224","MEM",0,1036
"Blake Griffin","41400167","LAC",0,2425
"Bradley Beal","41400204","WAS",0,2659
"Brandon Rush","41400224","GSW",0,102
"Brendan Haywood","41400304","CLE",0,121
"Corey Brewer","41400151","HOU",0,1432
"Corey Brewer","41400235","HOU",0,1464
"Courtney Lee","41400174","MEM",0,2226
"Dahntay Jones","41400161","LAC",0,20
"Dahntay Jones","41400231","LAC",0,4
"Dahntay Jones","41400237","LAC",0,39
"DeAndre Jordan","41400235","LAC",0,1453
"DeMarre Carroll","41400206","ATL",0,2235
"Dennis Schroder","41400102","ATL",0,1142
"Dwight Powell","41400155","DAL",0,42
"Evan Turner","41400113","BOS",0,1984
"Festus Ezeli","41400224","GSW",0,92
"Festus Ezeli","41400225","GSW",0,374
"Giannis Antetokounmpo","41400123","MIL",0,3077
"Greivis Vasquez","41400131","TOR",0,1864
"Hedo Turkoglu","41400167","LAC",0,158
"Iman Shumpert","41400215","CLE",0,2512
"Jamal Crawford","41400232","LAC",0,2157
"James Michael McAdoo","41400225","GSW",0,164
"JaMychal Green","41400171","MEM",0,83
"JaMychal Green","41400225","MEM",0,164
"JaMychal Green","41400226","MEM",0,22
"Jared Sullinger","41400111","BOS",0,818
"Jeff Ayres","41400163","SAS",0,475
"Joakim Noah","41400122","CHI",0,1939
"Joe Harris","41400406","CLE",0,10
"Joey Dorsey","41400235","HOU",0,105
"Jon Leuer","41400171","MEM",0,83
"Jon Leuer","41400225","MEM",0,164
"Jonas Valanciunas","41400132","TOR",0,1757
"Jordan Adams","41400171","MEM",0,83
"JR Smith","41400403","CLE",0,1905
"Justin Holiday","41400225","GSW",0,164
"Justin Holiday","41400404","GSW",0,128
"Kelly Olynyk","41400113","BOS",0,160
"Kendrick Perkins","41400215","CLE",0,91
"Kent Bazemore","41400301","ATL",0,958
"Kosta Koufos","41400175","MEM",0,563
"Kostas Papanikolaou","41400235","HOU",0,105
"Kostas Papanikolaou","41400237","HOU",0,18
"Kyle Korver","41400104","ATL",0,2726
"Kyle Korver","41400203","ATL",0,2243
"Kyle Lowry","41400133","TOR",0,2265
"Leandro Barbosa","41400225","GSW",0,164
"LeBron James","41400402","CLE",0,3020
"Lester Hudson","41400163","LAC",0,475
"Lester Hudson","41400237","LAC",0,18
"Marcin Gortat","41400201","WAS",0,2252
"Marreese Speights","41400222","GSW",0,286
"Marreese Speights","41400404","GSW",0,128
"Mason Plumlee","41400101","BKN",0,721
"Matt Barnes","41400165","LAC",0,1679
"Matt Bonner","41400167","SAS",0,1
"Matthew Dellavedova","41400113","CLE",0,613
"Mike Conley","41400223","MEM",0,1945
"Mike Miller","41400212","CLE",0,781
"Mike Miller","41400406","CLE",0,10
"Mike Muscala","41400202","ATL",0,251
"Nene","41400204","WAS",0,1848
"Nick Calathes","41400222","MEM",0,0
"Nick Calathes","41400226","MEM",0,51
"Nick Johnson","41400235","HOU",0,105
"Nick Johnson","41400237","HOU",0,18
"Nikola Mirotic","41400216","CHI",0,785
"Pablo Prigioni","41400231","HOU",0,1207
"Pablo Prigioni","41400236","HOU",0,898
"Patrick Patterson","41400132","TOR",0,1515
"Paul Millsap","41400204","ATL",0,1641
"Paul Pierce","41400204","WAS",0,1970
"Pero Antic","41400103","ATL",0,1159
"Pero Antic","41400303","ATL",0,12
"Rasual Butler","41400131","WAS",0,7
"Russ Smith","41400225","MEM",0,164
"Shawn Marion","41400211","CLE",0,381
"Spencer Hawes","41400163","LAC",0,475
"Spencer Hawes","41400236","LAC",0,214
"Taj Gibson","41400125","CHI",0,880
"Tim Duncan","41400161","SAS",0,1813
"Tim Duncan","41400165","SAS",0,2310
"Tim Duncan","41400166","SAS",0,1907
"Tony Allen","41400175","MEM",0,1857
"Tony Snell","41400213","CHI",0,28
"Tristan Thompson","41400214","CLE",0,1819
"Tyler Hansbrough","41400133","TOR",0,691
"Will Bynum","41400203","WAS",0,777
"Zaza Pachulia","41400121","MIL",0,1329
"Aaron Brooks","41400214","CHI",-1,401
"Al-Farouq Aminu","41400153","DAL",-1,2059
"Alan Anderson","41400101","BKN",-1,932
"Allen Crabbe","41400171","POR",-1,920
"Amir Johnson","41400131","TOR",-1,2046
"Andrew Bogut","41400144","GSW",-1,1334
"Boris Diaw","41400166","SAS",-1,1669
"Bradley Beal","41400205","WAS",-1,2495
"Chris Kaman","41400173","POR",-1,1043
"Clint Capela","41400232","HOU",-1,197
"Clint Capela","41400236","HOU",-1,245
"Clint Capela","41400311","HOU",-1,779
"Corey Brewer","41400314","HOU",-1,1319
"Dahntay Jones","41400233","LAC",-1,187
"David Lee","41400222","GSW",-1,310
"Derrick Rose","41400214","CHI",-1,2479
"Doug McDermott","41400212","CHI",-1,72
"Dwight Howard","41400232","HOU",-1,2124
"Ekpe Udoh","41400232","LAC",-1,2
"Ekpe Udoh","41400233","LAC",-1,129
"Elton Brand","41400301","ATL",-1,0
"Festus Ezeli","41400142","GSW",-1,168
"Festus Ezeli","41400222","GSW",-1,304
"Giannis Antetokounmpo","41400122","MIL",-1,2272
"Glen Davis","41400163","LAC",-1,755
"Glen Davis","41400167","LAC",-1,653
"Hedo Turkoglu","41400233","LAC",-1,174
"Iman Shumpert","41400213","CLE",-1,2191
"Jamal Crawford","41400165","LAC",-1,1706
"James Harden","41400153","HOU",-1,2168
"James Jones","41400212","CLE",-1,1335
"James Michael McAdoo","41400404","GSW",-1,72
"Jared Dudley","41400121","MIL",-1,738
"Jeff Green","41400225","MEM",-1,1660
"Jerryd Bayless","41400125","MIL",-1,620
"Joe Harris","41400212","CLE",-1,118
"Joe Johnson","41400103","BKN",-1,2541
"Jonas Valanciunas","41400131","TOR",-1,1459
"Kendrick Perkins","41400112","CLE",-1,128
"Klay Thompson","41400402","GSW",-1,2751
"Klay Thompson","41400403","GSW",-1,2329
"Kosta Koufos","41400173","MEM",-1,946
"Kyrie Irving","41400216","CLE",-1,731
"Marc Gasol","41400223","MEM",-1,2148
"Marcin Gortat","41400132","WAS",-1,1662
"Marcin Gortat","41400202","WAS",-1,1927
"Marco Belinelli","41400164","SAS",-1,369
"Marreese Speights","41400223","GSW",-1,334
"Martell Webster","41400134","WAS",-1,252
"Mason Plumlee","41400105","BKN",-1,428
"Mike Conley","41400225","MEM",-1,1974
"Mike Scott","41400103","ATL",-1,699
"Mike Scott","41400201","ATL",-1,449
"Mike Scott","41400303","ATL",-1,1946
"Mirza Teletovic","41400106","BKN",-1,526
"Nick Calathes","41400173","MEM",-1,1591
"Nicolas Batum","41400173","POR",-1,2540
"Paul Millsap","41400103","ATL",-1,2070
"Ramon Sessions","41400204","WAS",-1,2025
"Shaun Livingston","41400144","GSW",-1,1044
"Shaun Livingston","41400221","GSW",-1,948
"Shaun Livingston","41400224","GSW",-1,933
"Taj Gibson","41400213","CHI",-1,1370
"Taj Gibson","41400214","CHI",-1,2020
"Taj Gibson","41400215","CHI",-1,1553
"Tony Parker","41400164","SAS",-1,1724
"Will Bynum","41400134","WAS",-1,252
"Amar'e Stoudemire","41400155","DAL",-2,682
"Andre Iguodala","41400222","GSW",-2,1606
"Andrew Bogut","41400143","GSW",-2,1553
"Brandon Rush","41400225","GSW",-2,132
"Charlie Villanueva","41400151","DAL",-2,107
"Charlie Villanueva","41400154","DAL",-2,727
"Clint Capela","41400155","HOU",-2,406
"Corey Brewer","41400231","HOU",-2,1445
"Dahntay Jones","41400162","LAC",-2,1
"Dahntay Jones","41400232","LAC",-2,6
"Dahntay Jones","41400235","LAC",-2,130
"Damian Lillard","41400173","POR",-2,2454
"DeMar DeRozan","41400131","TOR",-2,2575
"Dennis Schroder","41400105","ATL",-2,647
"Draymond Green","41400223","GSW",-2,2368
"Elton Brand","41400102","ATL",-2,13
"Gigi Datome","41400111","BOS",-2,39
"Harrison Barnes","41400406","GSW",-2,2127
"Hedo Turkoglu","41400232","LAC",-2,431
"Iman Shumpert","41400112","CLE",-2,1531
"Iman Shumpert","41400303","CLE",-2,2574
"Iman Shumpert","41400402","CLE",-2,2185
"Jae Crowder","41400112","BOS",-2,1781
"Jae Crowder","41400113","BOS",-2,1841
"James Jones","41400111","CLE",-2,884
"James Jones","41400112","CLE",-2,244
"James Michael McAdoo","41400224","GSW",-2,116
"Jeff Teague","41400102","ATL",-2,1867
"Jimmy Butler","41400213","CHI",-2,2659
"JJ Redick","41400232","LAC",-2,2769
"Joakim Noah","41400213","CHI",-2,1293
"Joe Harris","41400216","CLE",-2,136
"Joe Harris","41400404","CLE",-2,186
"Justin Holiday","41400224","GSW",-2,116
"Kendrick Perkins","41400114","CLE",-2,243
"Kendrick Perkins","41400216","CLE",-2,136
"Kendrick Perkins","41400404","CLE",-2,186
"Kevin Seraphin","41400202","WAS",-2,58
"Khris Middleton","41400121","MIL",-2,2068
"Kirk Hinrich","41400124","CHI",-2,38
"Kirk Hinrich","41400213","CHI",-2,1199
"Klay Thompson","41400311","GSW",-2,1978
"Kosta Koufos","41400171","MEM",-2,751
"Kostas Papanikolaou","41400313","HOU",-2,211
"Kyle Korver","41400201","ATL",-2,2254
"Leandro Barbosa","41400221","GSW",-2,840
"Leandro Barbosa","41400224","GSW",-2,116
"Leandro Barbosa","41400311","GSW",-2,482
"Leandro Barbosa","41400313","GSW",-2,603
"Lou Williams","41400132","TOR",-2,1599
"Manu Ginobili","41400162","SAS",-2,1323
"Manu Ginobili","41400167","SAS",-2,1099
"Matt Bonner","41400166","SAS",-2,96
"Matthew Dellavedova","41400303","CLE",-2,2700
"Mike Miller","41400216","CLE",-2,136
"Mike Miller","41400402","CLE",-2,377
"Mike Miller","41400404","CLE",-2,186
"Mirza Teletovic","41400102","BKN",-2,230
"Nene","41400205","WAS",-2,1714
"Paul Millsap","41400101","ATL",-2,1965
"Phil Pressey","41400111","BOS",-2,39
"Ryan Anderson","41400142","NOP",-2,562
"Shaun Livingston","41400143","GSW",-2,1212
"Shelvin Mack","41400103","ATL",-2,17
"Shelvin Mack","41400201","ATL",-2,121
"Stephen Curry","41400402","GSW",-2,2537
"Steve Blake","41400174","POR",-2,547
"Tiago Splitter","41400162","SAS",-2,1153
"Timofey Mozgov","41400215","CLE",-2,1381
"Tony Snell","41400125","CHI",-2,1458
"Trevor Ariza","41400232","HOU",-2,2692
"Tristan Thompson","41400215","CLE",-2,2336
"Tyreke Evans","41400144","NOP",-2,1991
"Vince Carter","41400226","MEM",-2,1554
"Zaza Pachulia","41400122","MIL",-2,1352
"Aaron Brooks","41400211","CHI",-3,545
"Aaron Brooks","41400216","CHI",-3,610
"Alan Anderson","41400105","BKN",-3,1924
"Alexis Ajinca","41400144","NOP",-3,139
"Amir Johnson","41400133","TOR",-3,1955
"Andrew Bogut","41400311","GSW",-3,976
"Anthony Davis","41400142","NOP",-3,2704
"Aron Baynes","41400163","SAS",-3,439
"Austin Rivers","41400232","LAC",-3,1523
"Beno Udrih","41400226","MEM",-3,500
"Bradley Beal","41400206","WAS",-3,2560
"Brook Lopez","41400104","BKN",-3,2560
"Clint Capela","41400233","HOU",-3,330
"Clint Capela","41400315","HOU",-3,191
"Cory Joseph","41400163","SAS",-3,459
"Danny Green","41400166","SAS",-3,1557
"Dennis Schroder","41400303","ATL",-3,208
"Ersan Ilyasova","41400124","MIL",-3,991
"Gigi Datome","41400113","BOS",-3,569
"Hedo Turkoglu","41400164","LAC",-3,83
"Hedo Turkoglu","41400231","LAC",-3,472
"Isaiah Thomas","41400112","BOS",-3,1802
"James Harden","41400311","HOU",-3,2510
"James Jones","41400114","CLE",-3,1377
"James Michael McAdoo","41400221","GSW",-3,35
"Jeff Green","41400173","MEM",-3,1572
"Jerryd Bayless","41400122","MIL",-3,909
"Joakim Noah","41400125","CHI",-3,1943
"Joel Freeland","41400172","POR",-3,256
"Joey Dorsey","41400152","HOU",-3,33
"Joey Dorsey","41400155","HOU",-3,41
"Josh Smith","41400232","HOU",-3,999
"JR Smith","41400214","CLE",-3,1597
"JR Smith","41400302","CLE",-3,1922
"Justin Holiday","41400221","GSW",-3,35
"Kawhi Leonard","41400164","SAS",-3,2396
"Kent Bazemore","41400101","ATL",-3,965
"Kevin Seraphin","41400134","WAS",-3,390
"Kosta Koufos","41400226","MEM",-3,864
"Kostas Papanikolaou","41400152","HOU",-3,33
"Kostas Papanikolaou","41400155","HOU",-3,41
"Kyrie Irving","41400113","CLE",-3,2390
"LeBron James","41400303","CLE",-3,2806
"LeBron James","41400401","CLE",-3,2746
"LeBron James","41400406","CLE",-3,2803
"Lester Hudson","41400231","LAC",-3,238
"Marcin Gortat","41400204","WAS",-3,1870
"Marco Belinelli","41400163","SAS",-3,937
"Mike Muscala","41400106","ATL",-3,350
"Mike Muscala","41400204","ATL",-3,832
"Mike Scott","41400106","ATL",-3,1047
"Nene","41400133","WAS",-3,1389
"Nene","41400201","WAS",-3,1045
"Nick Calathes","41400221","MEM",-3,1239
"Nick Johnson","41400152","HOU",-3,33
"Nick Johnson","41400155","HOU",-3,41
"Nikola Mirotic","41400211","CHI",-3,145
"Norris Cole","41400142","NOP",-3,1673
"O.J. Mayo","41400121","MIL",-3,1421
"Otto Porter Jr.","41400204","WAS",-3,1820
"Pau Gasol","41400213","CHI",-3,1309
"Paul Millsap","41400201","ATL",-3,2330
"Rasual Butler","41400134","WAS",-3,441
"Shaun Livingston","41400402","GSW",-3,815
"Shelvin Mack","41400105","ATL",-3,29
"Spencer Hawes","41400237","LAC",-3,108
"Tristan Thompson","41400112","CLE",-3,1581
"Aaron Brooks","41400212","CHI",-4,1184
"Andrew Bogut","41400223","GSW",-4,1309
"Andrew Bogut","41400402","GSW",-4,1512
"Anthony Davis","41400141","NOP",-4,2405
"Austin Rivers","41400163","LAC",-4,1338
"Bojan Bogdanovic","41400105","BKN",-4,1756
"Bradley Beal","41400203","WAS",-4,2354
"Clint Capela","41400151","HOU",-4,971
"Clint Capela","41400314","HOU",-4,247
"Cory Joseph","41400162","SAS",-4,59
"Dahntay Jones","41400166","LAC",-4,10
"Danny Green","41400165","SAS",-4,2063
"Darius Morris","41400106","BKN",-4,280
"DeAndre Jordan","41400165","LAC",-4,2208
"DeAndre Jordan","41400236","LAC",-4,2513
"Draymond Green","41400402","GSW",-4,2604
"Drew Gooden","41400205","WAS",-4,716
"Dwight Howard","41400311","HOU",-4,1570
"Earl Clark","41400106","BKN",-4,280
"Festus Ezeli","41400141","GSW",-4,194
"Festus Ezeli","41400311","GSW",-4,676
"Giannis Antetokounmpo","41400125","MIL",-4,2262
"Glen Davis","41400165","LAC",-4,636
"Glen Davis","41400166","LAC",-4,577
"Harrison Barnes","41400142","GSW",-4,1318
"Hedo Turkoglu","41400235","LAC",-4,223
"Iman Shumpert","41400403","CLE",-4,1920
"James Harden","41400315","HOU",-4,2595
"James Jones","41400214","CLE",-4,571
"Jerome Jordan","41400106","BKN",-4,280
"JJ Redick","41400165","LAC",-4,2501
"Joe Harris","41400302","CLE",-4,130
"Joe Johnson","41400101","BKN",-4,2510
"Joe Johnson","41400105","BKN",-4,2646
"Josh Smith","41400237","HOU",-4,1342
"Josh Smith","41400315","HOU",-4,1240
"JR Smith","41400213","CLE",-4,1602
"Kendrick Perkins","41400214","CLE",-4,103
"Kris Humphries","41400134","WAS",-4,314
"Kyrie Irving","41400215","CLE",-4,2365
"LeBron James","41400215","CLE",-4,2456
"Lester Hudson","41400233","LAC",-4,360
"Lester Hudson","41400235","LAC",-4,223
"Markel Brown","41400106","BKN",-4,280
"Marreese Speights","41400143","GSW",-4,638
"Monta Ellis","41400155","DAL",-4,2533
"Nick Calathes","41400171","MEM",-4,182
"Pablo Prigioni","41400315","HOU",-4,425
"Paul Millsap","41400203","ATL",-4,1377
"Paul Millsap","41400302","ATL",-4,1620
"Paul Pierce","41400201","WAS",-4,1877
"Quincy Pondexter","41400141","NOP",-4,2213
"Quincy Pondexter","41400144","NOP",-4,1259
"Shaun Livingston","41400223","GSW",-4,532
"Taj Gibson","41400122","CHI",-4,660
"Terrence Jones","41400314","HOU",-4,1413
"Tiago Splitter","41400164","SAS",-4,1100
"Timofey Mozgov","41400301","CLE",-4,1420
"Timofey Mozgov","41400405","CLE",-4,559
"Tyler Zeller","41400111","BOS",-4,927
"Vince Carter","41400174","MEM",-4,503
"Al Horford","41400104","ATL",-5,1873
"Alan Anderson","41400103","BKN",-5,1199
"Austin Rivers","41400161","LAC",-5,771
"Blake Griffin","41400165","LAC",-5,2488
"Bojan Bogdanovic","41400102","BKN",-5,2020
"Brook Lopez","41400101","BKN",-5,2157
"Brook Lopez","41400102","BKN",-5,2367
"Chris Paul","41400162","LAC",-5,2597
"Clint Capela","41400312","HOU",-5,469
"Corey Brewer","41400311","HOU",-5,1785
"Dahntay Jones","41400167","LAC",-5,24
"Danny Green","41400164","SAS",-5,1692
"DeAndre Jordan","41400164","LAC",-5,1926
"DeAndre Jordan","41400167","LAC",-5,2066
"DeMarre Carroll","41400205","ATL",-5,2178
"DeMarre Carroll","41400301","ATL",-5,2074
"Drew Gooden","41400204","WAS",-5,1126
"Evan Turner","41400114","BOS",-5,1026
"Gerald Wallace","41400114","BOS",-5,221
"Harrison Barnes","41400223","GSW",-5,2447
"J.J. Barea","41400152","DAL",-5,2011
"Jae Crowder","41400111","BOS",-5,1376
"Jamal Crawford","41400162","LAC",-5,1274
"James Jones","41400403","CLE",-5,615
"Jared Dudley","41400125","MIL",-5,778
"Jared Sullinger","41400113","BOS",-5,993
"Jason Terry","41400237","HOU",-5,1645
"Jason Terry","41400315","HOU",-5,2349
"JJ Redick","41400162","LAC",-5,2843
"Joey Dorsey","41400234","HOU",-5,352
"John Jenkins","41400304","ATL",-5,720
"John Wall","41400206","WAS",-5,2669
"Josh Smith","41400234","HOU",-5,840
"Josh Smith","41400311","HOU",-5,1624
"Kent Bazemore","41400105","ATL",-5,775
"Kirk Hinrich","41400123","CHI",-5,379
"Kostas Papanikolaou","41400234","HOU",-5,576
"Leandro Barbosa","41400142","GSW",-5,922
"Manu Ginobili","41400161","SAS",-5,1154
"Marreese Speights","41400141","GSW",-5,40
"Matt Barnes","41400235","LAC",-5,1362
"Matthew Dellavedova","41400214","CLE",-5,1010
"Matthew Dellavedova","41400406","CLE",-5,1521
"Mike Muscala","41400206","ATL",-5,720
"Mike Muscala","41400304","ATL",-5,720
"Nick Johnson","41400234","HOU",-5,966
"Nicolas Batum","41400175","POR",-5,2598
"Omer Asik","41400142","NOP",-5,1430
"Omer Asik","41400144","NOP",-5,810
"Patrick Patterson","41400131","TOR",-5,1929
"Pau Gasol","41400216","CHI",-5,1412
"Shaun Livingston","41400405","GSW",-5,1276
"Spencer Hawes","41400161","LAC",-5,152
"Steve Blake","41400173","POR",-5,526
"Terrence Jones","41400311","HOU",-5,1557
"Timofey Mozgov","41400404","CLE",-5,2010
"Tristan Thompson","41400114","CLE",-5,1296
"Tristan Thompson","41400303","CLE",-5,2554
"Tyler Zeller","41400112","BOS",-5,1822
"Vince Carter","41400224","MEM",-5,1455
"Aaron Brooks","41400213","CHI",-6,557
"Andrew Bogut","41400401","GSW",-6,1709
"Avery Bradley","41400111","BOS",-6,1886
"Brandon Bass","41400114","BOS",-6,1298
"Chris Paul","41400237","LAC",-6,2698
"Clint Capela","41400153","HOU",-6,368
"Clint Capela","41400237","HOU",-6,341
"DeMar DeRozan","41400133","TOR",-6,2486
"Dennis Schroder","41400101","ATL",-6,1461
"Dennis Schroder","41400106","ATL",-6,1253
"Dirk Nowitzki","41400151","DAL",-6,2054
"Ersan Ilyasova","41400122","MIL",-6,1424
"Festus Ezeli","41400314","GSW",-6,612
"Festus Ezeli","41400405","GSW",-6,192
"Harrison Barnes","41400222","GSW",-6,2098
"Hedo Turkoglu","41400161","LAC",-6,190
"James Jones","41400302","CLE",-6,1358
"Jeff Green","41400221","MEM",-6,1624
"Jeff Green","41400222","MEM",-6,1573
"Jimmy Butler","41400214","CHI",-6,2725
"JJ Redick","41400237","LAC",-6,2463
"John Wall","41400201","WAS",-6,2330
"Jon Leuer","41400174","MEM",-6,138
"JR Smith","41400405","CLE",-6,2142
"Kawhi Leonard","41400167","SAS",-6,1999
"Kelly Olynyk","41400114","BOS",-6,668
"Kendrick Perkins","41400212","CLE",-6,746
"Kent Bazemore","41400103","ATL",-6,1147
"Kevin Seraphin","41400131","WAS",-6,992
"Kirk Hinrich","41400211","CHI",-6,903
"Klay Thompson","41400141","GSW",-6,2197
"Manu Ginobili","41400166","SAS",-6,857
"Markel Brown","41400101","BKN",-6,335
"Marreese Speights","41400144","GSW",-6,256
"Michael Carter-Williams","41400122","MIL",-6,1971
"Mike Dunleavy","41400216","CHI",-6,1844
"Monta Ellis","41400153","DAL",-6,2352
"Nicolas Batum","41400172","POR",-6,2550
"Pablo Prigioni","41400151","HOU",-6,1260
"Pablo Prigioni","41400313","HOU",-6,499
"Paul Pierce","41400203","WAS",-6,1535
"Ryan Anderson","41400144","NOP",-6,2070
"Shaun Livingston","41400403","GSW",-6,792
"Shawn Marion","41400302","CLE",-6,383
"Stephen Curry","41400223","GSW",-6,2373
"Stephen Curry","41400403","GSW",-6,2626
"Tiago Splitter","41400166","SAS",-6,1676
"Timofey Mozgov","41400406","CLE",-6,1951
"Tony Snell","41400121","CHI",-6,871
"Tristan Thompson","41400401","CLE",-6,2829
"Tyler Hansbrough","41400131","TOR",-6,753
"Will Bynum","41400204","WAS",-6,858
"Zach Randolph","41400226","MEM",-6,1971
"Al Horford","41400203","ATL",-7,1660
"Al Horford","41400304","ATL",-7,1730
"Austin Rivers","41400167","LAC",-7,741
"Blake Griffin","41400232","LAC",-7,2479
"Bojan Bogdanovic","41400101","BKN",-7,1920
"Boris Diaw","41400162","SAS",-7,2234
"Brook Lopez","41400105","BKN",-7,2331
"CJ McCollum","41400171","POR",-7,2217
"Damian Lillard","41400175","POR",-7,2529
"David Lee","41400311","GSW",-7,264
"David Lee","41400405","GSW",-7,541
"Deron Williams","41400101","BKN",-7,1968
"Derrick Rose","41400125","CHI",-7,2547
"Dwight Howard","41400315","HOU",-7,2528
"Eric Gordon","41400144","NOP",-7,2079
"Festus Ezeli","41400143","GSW",-7,214
"Garrett Temple","41400204","WAS",-7,224
"Glen Davis","41400236","LAC",-7,403
"Iman Shumpert","41400401","CLE",-7,2066
"James Jones","41400213","CLE",-7,911
"Jeff Teague","41400201","ATL",-7,2031
"John Henson","41400122","MIL",-7,1528
"John Henson","41400124","MIL",-7,1534
"JR Smith","41400406","CLE",-7,2056
"Jrue Holiday","41400141","NOP",-7,1272
"Kirk Hinrich","41400215","CHI",-7,1347
"Kosta Koufos","41400174","MEM",-7,723
"Kyle Korver","41400301","ATL",-7,2180
"Matthew Dellavedova","41400112","CLE",-7,553
"Meyers Leonard","41400173","POR",-7,304
"Michael Carter-Williams","41400121","MIL",-7,2043
"Mike Dunleavy","41400214","CHI",-7,1996
"Mike Scott","41400101","ATL",-7,635
"Mirza Teletovic","41400103","BKN",-7,225
"Patty Mills","41400164","SAS",-7,1189
"Paul Pierce","41400206","WAS",-7,1437
"Robin Lopez","41400172","POR",-7,1882
"Shawn Marion","41400212","CLE",-7,276
"Stephen Curry","41400312","GSW",-7,2208
"Steve Blake","41400172","POR",-7,556
"Terrence Ross","41400132","TOR",-7,1460
"Tim Duncan","41400167","SAS",-7,2237
"Tony Snell","41400214","CHI",-7,1025
"Aaron Brooks","41400123","CHI",-8,587
"Al-Farouq Aminu","41400155","DAL",-8,2187
"Alexis Ajinca","41400142","NOP",-8,264
"Allen Crabbe","41400172","POR",-8,1397
"Austin Rivers","41400165","LAC",-8,730
"Chris Paul","41400235","LAC",-8,2089
"Chris Paul","41400236","LAC",-8,2454
"Courtney Lee","41400225","MEM",-8,1846
"Courtney Lee","41400226","MEM",-8,2264
"David Lee","41400226","GSW",-8,852
"DeMarre Carroll","41400302","ATL",-8,2026
"Festus Ezeli","41400402","GSW",-8,360
"Glen Davis","41400232","LAC",-8,860
"Greivis Vasquez","41400133","TOR",-8,1028
"Hedo Turkoglu","41400163","LAC",-8,528
"Iman Shumpert","41400406","CLE",-8,2158
"Jamal Crawford","41400163","LAC",-8,1383
"Jared Sullinger","41400112","BOS",-8,1334
"Jason Terry","41400311","HOU",-8,1637
"John Wall","41400205","WAS",-8,2247
"JR Smith","41400401","CLE",-8,2061
"Jrue Holiday","41400144","NOP",-8,993
"Kosta Koufos","41400224","MEM",-8,325
"Kyrie Irving","41400213","CLE",-8,2308
"Lou Williams","41400133","TOR",-8,1083
"Marcin Gortat","41400205","WAS",-8,2106
"Marco Belinelli","41400162","SAS",-8,1133
"Marcus Smart","41400113","BOS",-8,1059
"Mason Plumlee","41400103","BKN",-8,253
"Meyers Leonard","41400172","POR",-8,1108
"Mike Dunleavy","41400212","CHI",-8,1711
"Mike Scott","41400302","ATL",-8,1554
"Miles Plumlee","41400126","MIL",-8,983
"Monta Ellis","41400152","DAL",-8,2253
"Nene","41400206","WAS",-8,1542
"Nick Johnson","41400313","HOU",-8,945
"Omer Asik","41400143","NOP",-8,1218
"Pau Gasol","41400125","CHI",-8,1976
"Pero Antic","41400206","ATL",-8,277
"Raymond Felton","41400152","DAL",-8,1074
"Stephen Curry","41400222","GSW",-8,2443
"Steve Blake","41400171","POR",-8,547
"Taj Gibson","41400123","CHI",-8,1750
"Tim Duncan","41400164","SAS",-8,2261
"Tony Allen","41400223","MEM",-8,1968
"Tony Parker","41400167","SAS",-8,2020
"Tyler Ennis","41400126","MIL",-8,983
"Tyson Chandler","41400153","DAL",-8,2026
"Tyson Chandler","41400155","DAL",-8,2156
"Andre Iguodala","41400223","GSW",-9,1672
"Andrew Bogut","41400403","GSW",-9,1027
"Blake Griffin","41400235","LAC",-9,2288
"Boris Diaw","41400161","SAS",-9,1698
"Boris Diaw","41400167","SAS",-9,1600
"Courtney Lee","41400224","MEM",-9,1817
"Danny Green","41400161","SAS",-9,1291
"Dante Cunningham","41400142","NOP",-9,1080
"DeMar DeRozan","41400132","TOR",-9,2446
"DeMarre Carroll","41400204","ATL",-9,1909
"Drew Gooden","41400202","WAS",-9,1040
"Eric Gordon","41400142","NOP",-9,2321
"Eric Gordon","41400143","NOP",-9,2087
"Festus Ezeli","41400223","GSW",-9,510
"Festus Ezeli","41400403","GSW",-9,1053
"Garrett Temple","41400202","WAS",-9,803
"Glen Davis","41400231","LAC",-9,679
"Hedo Turkoglu","41400162","LAC",-9,241
"Iman Shumpert","41400211","CLE",-9,2483
"Jared Dudley","41400126","MIL",-9,1114
"Jeff Teague","41400203","ATL",-9,1955
"Jeff Teague","41400205","ATL",-9,1880
"Jeff Teague","41400302","ATL",-9,1878
"Josh Smith","41400312","HOU",-9,1269
"Kelly Olynyk","41400111","BOS",-9,1105
"Kirk Hinrich","41400125","CHI",-9,92
"Klay Thompson","41400314","GSW",-9,2283
"Kosta Koufos","41400221","MEM",-9,330
"Kyle Lowry","41400131","TOR",-9,2004
"Leandro Barbosa","41400406","GSW",-9,870
"Marc Gasol","41400225","MEM",-9,2167
"Marcus Smart","41400114","BOS",-9,1260
"Mason Plumlee","41400106","BKN",-9,521
"Matthew Dellavedova","41400212","CLE",-9,2152
"Mike Muscala","41400205","ATL",-9,923
"Mike Scott","41400105","ATL",-9,129
"Norris Cole","41400144","NOP",-9,1101
"O.J. Mayo","41400122","MIL",-9,1623
"Richard Jefferson","41400153","DAL",-9,734
"Timofey Mozgov","41400113","CLE",-9,1161
"Tony Allen","41400226","MEM",-9,329
"Tony Snell","41400215","CHI",-9,284
"Tyler Hansbrough","41400134","TOR",-9,667
"Zach Randolph","41400225","MEM",-9,2046
"Andrew Bogut","41400314","GSW",-10,1238
"Blake Griffin","41400236","LAC",-10,2491
"CJ McCollum","41400172","POR",-10,1742
"Clint Capela","41400152","HOU",-10,628
"DeAndre Jordan","41400162","LAC",-10,2653
"Deron Williams","41400105","BKN",-10,1932
"Draymond Green","41400312","GSW",-10,2326
"Draymond Green","41400314","GSW",-10,2392
"Dwight Howard","41400233","HOU",-10,2296
"Giannis Antetokounmpo","41400121","MIL",-10,1960
"Glen Davis","41400233","LAC",-10,481
"Glen Davis","41400237","LAC",-10,318
"Iman Shumpert","41400405","CLE",-10,2238
"Jeff Green","41400224","MEM",-10,2025
"Jeff Green","41400226","MEM",-10,1873
"Josh Smith","41400153","HOU",-10,1613
"Kawhi Leonard","41400165","SAS",-10,2176
"Kent Bazemore","41400201","ATL",-10,1089
"LaMarcus Aldridge","41400173","POR",-10,2684
"Mike Conley","41400226","MEM",-10,2329
"Mike Muscala","41400303","ATL",-10,558
"Mike Scott","41400102","ATL",-10,744
"Nikola Mirotic","41400125","CHI",-10,1122
"Otto Porter Jr.","41400202","WAS",-10,1859
"Pablo Prigioni","41400153","HOU",-10,1202
"Pablo Prigioni","41400312","HOU",-10,437
"Pero Antic","41400301","ATL",-10,597
"Ramon Sessions","41400202","WAS",-10,2377
"Raymond Felton","41400154","DAL",-10,339
"Richard Jefferson","41400152","DAL",-10,1366
"Shelvin Mack","41400102","ATL",-10,414
"Tiago Splitter","41400161","SAS",-10,597
"Vince Carter","41400222","MEM",-10,1087
"Andre Iguodala","41400141","GSW",-11,1877
"Arron Afflalo","41400173","POR",-11,1613
"Beno Udrih","41400221","MEM",-11,1136
"Boris Diaw","41400164","SAS",-11,1863
"Brandon Bass","41400111","BOS",-11,1606
"Chris Kaman","41400171","POR",-11,855
"Clint Capela","41400313","HOU",-11,454
"Corey Brewer","41400153","HOU",-11,1272
"Corey Brewer","41400154","HOU",-11,1940
"DeMarre Carroll","41400203","ATL",-11,1804
"Dennis Schroder","41400206","ATL",-11,1330
"Deron Williams","41400102","BKN",-11,1688
"Earl Clark","41400101","BKN",-11,497
"Giannis Antetokounmpo","41400124","MIL",-11,1565
"James Jones","41400401","CLE",-11,1025
"Joakim Noah","41400212","CHI",-11,1774
"LeBron James","41400211","CLE",-11,2516
"LeBron James","41400405","CLE",-11,2687
"Michael Carter-Williams","41400124","MIL",-11,1529
"Rajon Rondo","41400152","DAL",-11,595
"Taj Gibson","41400216","CHI",-11,925
"Terrence Jones","41400231","HOU",-11,975
"Tony Allen","41400224","MEM",-11,951
"Trevor Ariza","41400154","HOU",-11,1984
"Trevor Ariza","41400231","HOU",-11,2305
"Trevor Ariza","41400233","HOU",-11,2123
"Tyler Zeller","41400114","BOS",-11,925
"Aaron Brooks","41400215","CHI",-12,430
"Andre Iguodala","41400143","GSW",-12,1569
"Austin Rivers","41400166","LAC",-12,675
"Avery Bradley","41400112","BOS",-12,1714
"Blake Griffin","41400237","LAC",-12,2651
"Brandon Bass","41400113","BOS",-12,1346
"Dennis Schroder","41400302","ATL",-12,737
"Dirk Nowitzki","41400155","DAL",-12,2342
"Glen Davis","41400235","LAC",-12,343
"Greivis Vasquez","41400134","TOR",-12,1512
"Iman Shumpert","41400404","CLE",-12,2344
"Jamal Crawford","41400166","LAC",-12,1513
"Jerryd Bayless","41400121","MIL",-12,1370
"Joe Johnson","41400104","BKN",-12,2737
"John Henson","41400121","MIL",-12,1551
"Kent Bazemore","41400104","ATL",-12,1021
"Kent Bazemore","41400206","ATL",-12,564
"Kent Bazemore","41400302","ATL",-12,709
"Kent Bazemore","41400303","ATL",-12,2591
"Kyle Korver","41400302","ATL",-12,1923
"LaMarcus Aldridge","41400171","POR",-12,2518
"LaMarcus Aldridge","41400172","POR",-12,2514
"Leandro Barbosa","41400143","GSW",-12,678
"Marc Gasol","41400221","MEM",-12,2302
"Matthew Dellavedova","41400404","CLE",-12,2004
"Mike Muscala","41400301","ATL",-12,634
"Monta Ellis","41400151","DAL",-12,2316
"Nene","41400203","WAS",-12,1785
"Pablo Prigioni","41400233","HOU",-12,1223
"Paul Pierce","41400202","WAS",-12,2116
"Pero Antic","41400104","ATL",-12,998
"Pero Antic","41400203","ATL",-12,917
"Terrence Ross","41400131","TOR",-12,1323
"Tony Parker","41400161","SAS",-12,1718
"Tyreke Evans","41400141","NOP",-12,694
"Andre Iguodala","41400311","GSW",-13,1394
"Beno Udrih","41400174","MEM",-13,1428
"Bradley Beal","41400202","WAS",-13,2580
"Brandon Bass","41400112","BOS",-13,902
"Damian Lillard","41400171","POR",-13,2362
"Dennis Schroder","41400103","ATL",-13,1382
"Dennis Schroder","41400301","ATL",-13,1111
"Derrick Rose","41400212","CHI",-13,2214
"Devin Harris","41400154","DAL",-13,936
"Ersan Ilyasova","41400121","MIL",-13,1920
"Ersan Ilyasova","41400123","MIL",-13,1327
"Isaiah Thomas","41400113","BOS",-13,1268
"James Harden","41400154","HOU",-13,2179
"Josh Smith","41400233","HOU",-13,763
"JR Smith","41400402","CLE",-13,2293
"Khris Middleton","41400122","MIL",-13,2299
"Klay Thompson","41400312","GSW",-13,1999
"Matthew Dellavedova","41400401","CLE",-13,562
"Patrick Patterson","41400133","TOR",-13,1610
"Robin Lopez","41400175","POR",-13,1082
"Shelvin Mack","41400106","ATL",-13,776
"Shelvin Mack","41400303","ATL",-13,1683
"Taj Gibson","41400211","CHI",-13,1681
"Terrence Jones","41400315","HOU",-13,995
"Tiago Splitter","41400165","SAS",-13,517
"Tristan Thompson","41400404","CLE",-13,2305
"Tyreke Evans","41400142","NOP",-13,2458
"Al Horford","41400103","ATL",-14,1836
"Amar'e Stoudemire","41400154","DAL",-14,1091
"Arron Afflalo","41400175","POR",-14,852
"Damian Lillard","41400172","POR",-14,2395
"DeMarre Carroll","41400304","ATL",-14,1597
"Dennis Schroder","41400304","ATL",-14,1143
"Dirk Nowitzki","41400152","DAL",-14,2235
"Draymond Green","41400403","GSW",-14,1803
"Harrison Barnes","41400403","GSW",-14,1158
"James Johnson","41400132","TOR",-14,427
"JJ Redick","41400235","LAC",-14,2201
"Kyrie Irving","41400211","CLE",-14,2638
"Marc Gasol","41400226","MEM",-14,2643
"Marcus Smart","41400111","BOS",-14,1546
"Nene","41400202","WAS",-14,1640
"Taj Gibson","41400212","CHI",-14,1231
"Terrence Jones","41400154","HOU",-14,1079
"Tony Allen","41400221","MEM",-14,2259
"Aron Baynes","41400161","SAS",-15,1203
"Austin Rivers","41400236","LAC",-15,839
"Beno Udrih","41400175","MEM",-15,918
"Corey Brewer","41400315","HOU",-15,1464
"Courtney Lee","41400221","MEM",-15,2161
"Dennis Schroder","41400104","ATL",-15,848
"Eric Gordon","41400141","NOP",-15,2117
"James Jones","41400404","CLE",-15,1070
"Jason Terry","41400234","HOU",-15,1649
"Johnny O'Bryant III","41400126","MIL",-15,720
"Jorge Gutierrez","41400126","MIL",-15,720
"Josh Smith","41400313","HOU",-15,1688
"LaMarcus Aldridge","41400175","POR",-15,2404
"Leandro Barbosa","41400223","GSW",-15,652
"LeBron James","41400404","CLE",-15,2455
"Manu Ginobili","41400164","SAS",-15,1311
"Pablo Prigioni","41400234","HOU",-15,1146
"Pero Antic","41400201","ATL",-15,1163
"Trevor Ariza","41400315","HOU",-15,2613
"Tristan Thompson","41400406","CLE",-15,2247
"Aaron Brooks","41400124","CHI",-16,516
"Andrew Bogut","41400222","GSW",-16,1457
"Anthony Davis","41400144","NOP",-16,2422
"Brook Lopez","41400106","BKN",-16,2109
"Chandler Parsons","41400151","DAL",-16,2207
"Corey Brewer","41400313","HOU",-16,1609
"Dwight Howard","41400313","HOU",-16,1976
"James Harden","41400233","HOU",-16,2185
"Jeff Teague","41400304","ATL",-16,1658
"Jonas Valanciunas","41400134","TOR",-16,1631
"Kent Bazemore","41400203","ATL",-16,1009
"Klay Thompson","41400222","GSW",-16,2049
"Lou Williams","41400134","TOR",-16,1513
"Marcin Gortat","41400206","WAS",-16,739
"Mike Conley","41400224","MEM",-16,1967
"Patrick Patterson","41400134","TOR",-16,1300
"Robin Lopez","41400171","POR",-16,1157
"Taj Gibson","41400124","CHI",-16,1483
"Thaddeus Young","41400106","BKN",-16,1365
"Tony Snell","41400124","CHI",-16,446
"Austin Rivers","41400237","LAC",-17,882
"Dwight Howard","41400231","HOU",-17,2356
"Jamal Crawford","41400235","LAC",-17,1641
"Jeff Green","41400174","MEM",-17,1335
"Jerryd Bayless","41400126","MIL",-17,1921
"Joakim Noah","41400216","CHI",-17,2128
"Kosta Koufos","41400225","MEM",-17,813
"Kyle Korver","41400103","ATL",-17,2306
"Matt Barnes","41400232","LAC",-17,2036
"Nick Calathes","41400225","MEM",-17,1115
"Richard Jefferson","41400154","DAL",-17,693
"Robin Lopez","41400174","POR",-17,1269
"Spencer Hawes","41400235","LAC",-17,1200
"Tony Parker","41400166","SAS",-17,1809
"Zach Randolph","41400221","MEM",-17,2137
"Amir Johnson","41400132","TOR",-18,1138
"Amir Johnson","41400134","TOR",-18,1557
"Austin Rivers","41400235","LAC",-18,1247
"Cory Joseph","41400161","SAS",-18,734
"Evan Turner","41400111","BOS",-18,2051
"Jae Crowder","41400114","BOS",-18,1025
"James Harden","41400234","HOU",-18,1948
"Joe Johnson","41400102","BKN",-18,2366
"Khris Middleton","41400123","MIL",-18,2936
"Marc Gasol","41400224","MEM",-18,2303
"Omer Asik","41400141","NOP",-18,1295
"Tyson Chandler","41400151","DAL",-18,1869
"Zaza Pachulia","41400123","MIL",-18,1148
"Arron Afflalo","41400174","POR",-19,1129
"Beno Udrih","41400225","MEM",-19,742
"Harrison Barnes","41400314","GSW",-19,1807
"J.J. Barea","41400155","DAL",-19,2244
"Jason Terry","41400154","HOU",-19,1324
"Kawhi Leonard","41400166","SAS",-19,2421
"Kent Bazemore","41400304","ATL",-19,2077
"Matthew Dellavedova","41400405","CLE",-19,2501
"Pau Gasol","41400212","CHI",-19,1716
"Deron Williams","41400106","BKN",-20,1626
"Derrick Rose","41400216","CHI",-20,2134
"James Harden","41400236","HOU",-20,1796
"Marcus Smart","41400112","BOS",-20,1532
"Mike Miller","41400211","CLE",-20,967
"Paul Millsap","41400304","ATL",-20,1859
"Stephen Curry","41400314","GSW",-20,1860
"Terrence Jones","41400233","HOU",-20,1521
"Terrence Jones","41400313","HOU",-20,1192
"Andre Iguodala","41400314","GSW",-21,1566
"Blake Griffin","41400163","LAC",-21,1948
"Corey Brewer","41400233","HOU",-21,1545
"Devin Harris","41400153","DAL",-21,1278
"Jason Terry","41400313","HOU",-21,1436
"John Henson","41400126","MIL",-21,844
"Kawhi Leonard","41400161","SAS",-21,1982
"Michael Carter-Williams","41400123","MIL",-21,2603
"Shaun Livingston","41400141","GSW",-21,782
"Terrence Jones","41400234","HOU",-21,1489
"Terrence Ross","41400134","TOR",-21,1831
"Tristan Thompson","41400402","CLE",-21,2369
"Tyreke Evans","41400143","NOP",-21,2374
"Zach Randolph","41400224","MEM",-21,1849
"Greivis Vasquez","41400132","TOR",-22,1672
"Jamal Crawford","41400237","LAC",-22,1583
"James Harden","41400231","HOU",-22,2220
"Jason Terry","41400233","HOU",-22,1892
"Tristan Thompson","41400405","CLE",-22,2389
"Corey Brewer","41400312","HOU",-23,1154
"Dwight Howard","41400154","HOU",-23,2147
"Giannis Antetokounmpo","41400126","MIL",-23,914
"Jason Terry","41400231","HOU",-23,1827
"Joakim Noah","41400124","CHI",-23,1828
"Nicolas Batum","41400171","POR",-23,2301
"Nikola Mirotic","41400215","CHI",-23,1104
"O.J. Mayo","41400126","MIL",-23,1480
"Vince Carter","41400225","MEM",-23,1194
"JJ Redick","41400163","LAC",-24,1887
"Trevor Ariza","41400234","HOU",-24,2115
"Jimmy Butler","41400216","CHI",-25,2611
"Mike Scott","41400304","ATL",-25,1430
"Rajon Rondo","41400151","DAL",-25,1638
"Shelvin Mack","41400304","ATL",-25,1466
"Thaddeus Young","41400105","BKN",-25,1483
"Tyson Chandler","41400152","DAL",-25,1824
"Zaza Pachulia","41400126","MIL",-25,1053
"Jamal Crawford","41400236","LAC",-26,1423
"Jimmy Butler","41400212","CHI",-26,2113
"Joe Johnson","41400106","BKN",-26,2168
"Al Horford","41400302","ATL",-27,1818
"Chris Paul","41400163","LAC",-27,1996
"Corey Brewer","41400234","HOU",-27,1517
"JR Smith","41400404","CLE",-27,1654
"Matt Barnes","41400163","LAC",-27,1208
"Dwight Howard","41400234","HOU",-28,1102
"Kyle Lowry","41400134","TOR",-28,1971
"Bojan Bogdanovic","41400106","BKN",-29,1999
"Kirk Hinrich","41400216","CHI",-29,1217
"Trevor Ariza","41400313","HOU",-29,2459
"DeMar DeRozan","41400134","TOR",-30,2013
"Ersan Ilyasova","41400126","MIL",-30,1046
"DeAndre Jordan","41400163","LAC",-31,1820
"James Harden","41400313","HOU",-31,1931
"Quincy Pondexter","41400143","NOP",-31,2081
"Michael Carter-Williams","41400126","MIL",-35,1053
"Khris Middleton","41400126","MIL",-41,1569
